﻿{"cameraMode":{"drawMode":0,"name":"Shaded","section":"Shading Mode"},"sceneLighting":true,"audioPlay":false,"sceneViewState":{"showFog":true,"showMaterialUpdate":false,"showSkybox":true,"showFlares":true,"showImageEffects":true,"showParticleSystems":true},"in2DMode":false,"pivot":{"x":-16.745891571044923,"y":4.8066725730896,"z":0.09234605729579926},"rotation":{"x":-0.04070820286870003,"y":-0.2447649985551834,"z":-0.010286194272339344,"w":0.9686729311943054},"size":27.504884719848634,"orthographic":false}